Business Name,Category,Address,Phone,Website,Emails Found,Rating,Reviews,Google Maps URL,Scraped At
Daposh fashion,Men's clothing store,"
shop, no 6, Daposh fashion D85, Malviya Nagar Rd, Shvalik, DDA Flats, Malviya Nagar, New Delhi, Delhi 110017",+917028014412,http://www.daposh.com,,4.9 stars,,https://www.google.com/maps/place/Daposh+fashion/data=!4m7!3m6!1s0x390ce40c7f94822d:0x7b246f1a34528120!8m2!3d28.5352005!4d77.2105556!16s%2Fg%2F11cn350m0_!19sChIJLYKUfwzkDDkRIIFSNBpvJHs?authuser=0&hl=en&rclk=1,2026-03-29 10:15:52
ROYAL DULHA GHAR ™️,Men's clothing store,"
Shop no. 117 , Ground Floor, G M Mall, Jagat Farm, Block E, Chandila, Gamma 1, Greater Noida, Uttar Pradesh 201310",+919910879242,,,4.8 stars,,https://www.google.com/maps/place/ROYAL+DULHA+GHAR+%E2%84%A2%EF%B8%8F/data=!4m7!3m6!1s0x390ceb3e34aadb01:0x80e414ea6d1cd4d2!8m2!3d28.4812086!4d77.5001709!16s%2Fg%2F11p4bccfr_!19sChIJAduqND7rDDkR0tQcbeoU5IA?authuser=0&hl=en&rclk=1,2026-03-29 10:15:56
AME Bazaar - Family Garment Store,Clothing store,"
Plot no 7 e Inder enclave phase 1 on main mubarakpur road near CHAPPAN BHOG AME Bazaar inder enclave bus stand agar nagar, nangloi, Kirari Suleman Nagar, Delhi, 110086",+919953569533,https://www.amebazaar.in,,4.9 stars,,https://www.google.com/maps/place/AME+Bazaar+-+Family+Garment+Store/data=!4m7!3m6!1s0x390d07fec01baf55:0x178bb63240f88f3e!8m2!3d28.7013609!4d77.0499028!16s%2Fg%2F11ggdsrl0n!19sChIJVa8bwP4HDTkRPo_4QDK2ixc?authuser=0&hl=en&rclk=1,2026-03-29 10:16:07
Planet Fashion,Clothing store,"
B-28, Inner Cir, Block B, Connaught Place, New Delhi, Delhi 110001",+911141513334,http://www.planetfashion.in,,4.2 stars,,https://www.google.com/maps/place/Planet+Fashion/data=!4m7!3m6!1s0x390cfd37ed529e31:0x4906eb18cdf22de!8m2!3d28.634304!4d77.219266!16s%2Fg%2F12h_b87s8!19sChIJMZ5S7Tf9DDkR3iLfjLFukAQ?authuser=0&hl=en&rclk=1,2026-03-29 10:16:13
AK Collection,Clothing store,"
A, 90, Block A, New Ashok Nagar, Delhi, 110096",+919999161761,,,3.8 stars,,https://www.google.com/maps/place/AK+Collection/data=!4m7!3m6!1s0x390ce4f32da38e53:0x277d9c55ffd560cb!8m2!3d28.5897583!4d77.3082951!16s%2Fg%2F11hcw6537b!19sChIJU46jLfPkDDkRy2DV_1WcfSc?authuser=0&hl=en&rclk=1,2026-03-29 10:16:17
The Budget Shop,Clothing store,"
F-17, Main Rd, Block F, Kalkaji, New Delhi, Delhi 110019",+919711763421,,,4.9 stars,,https://www.google.com/maps/place/The+Budget+Shop/data=!4m7!3m6!1s0x390ce3da2cc25555:0xd30ccba41c58a603!8m2!3d28.54142!4d77.254861!16s%2Fg%2F1tf7qhwt!19sChIJVVXCLNrjDDkRA6ZYHKTLDNM?authuser=0&hl=en&rclk=1,2026-03-29 10:16:20
SHEIN STYLE STORE,Clothing store,"
Shop No 29 GROUND FLOOR, opposite of The Record Room, Hauz Khas Village, Deer Park, Hauz Khas, New Delhi, Delhi 110016",+917292020403,,,4.9 stars,,https://www.google.com/maps/place/SHEIN+STYLE+STORE/data=!4m7!3m6!1s0x390d1d0b25436693:0xce091b20504b5ef9!8m2!3d28.554733!4d77.19406!16s%2Fg%2F11qbgyrwy0!19sChIJk2ZDJQsdDTkR-V5LUCAbCc4?authuser=0&hl=en&rclk=1,2026-03-29 10:16:23
"Aza Fashions, Defence Colony, New Delhi.",Designer Clothing Store,"
D-21, Shiniwas Puri, Block D, Defence Colony, New Delhi, Delhi 110024",+919205737433,https://www.azafashions.com/store-locator/delhi/defence-colony,,4.7 stars,,"https://www.google.com/maps/place/Aza+Fashions,+Defence+Colony,+New+Delhi./data=!4m7!3m6!1s0x390ce3ae03c7e519:0xb3db18b3f67dc5fc!8m2!3d28.573892!4d77.2375061!16s%2Fg%2F11gh6fhks6!19sChIJGeXHA67jDDkR_MV99rMY27M?authuser=0&hl=en&rclk=1",2026-03-29 10:16:28
Planet Fashion,Clothing store,"
14, Block 1, WEA, Karol Bagh, New Delhi, Delhi, 110005",+911145097542,,,3.9 stars,,https://www.google.com/maps/place/Planet+Fashion/data=!4m7!3m6!1s0x390d029eda2edbf9:0xc96deec3f2eef75d!8m2!3d28.6440302!4d77.1885155!16s%2Fg%2F12jsfy_1z!19sChIJ-dsu2p4CDTkRXffu8sPubck?authuser=0&hl=en&rclk=1,2026-03-29 10:16:31
Planet Fashion,Clothing store,"
E-9, Ground Floor, Market, South Extension II, New Delhi, Delhi 110049",+911141641501,https://www.planetfashionclothing.com,,4.0 stars,,https://www.google.com/maps/place/Planet+Fashion/data=!4m7!3m6!1s0x390cfd309eebed77:0x6666c794f3d763f7!8m2!3d28.5678977!4d77.2208564!16s%2Fg%2F1thd05vb!19sChIJd-3rnjD9DDkR92PX85THZmY?authuser=0&hl=en&rclk=1,2026-03-29 10:16:41
Green India Garments ( Mohd Jarrar ) Ownership,Garment Exporter,"
B-716, Jahangirpuri, Masjid, New Delhi, Delhi 110033",,https://www.justdial.com/Delhi/Green-India-B716-Near-Khwaza-Gareeeb-Nawaz-Masjid-Near-Shiv-Mandir-Jahangir-Puri/011PXX11-XX11-180529213212-C4C2_BZDET,,5.0 stars,,https://www.google.com/maps/place/Green+India+Garments+%28+Mohd+Jarrar+%29+Ownership/data=!4m7!3m6!1s0x390d01935f780a21:0x5b8cb7e823959817!8m2!3d28.7297168!4d77.1718822!16s%2Fg%2F11s3zc9yk8!19sChIJIQp4X5MBDTkRF5iVI-i3jFs?authuser=0&hl=en&rclk=1,2026-03-29 10:16:49
Fashion Factory,Clothing store,"
No A3, 17, Lal Sai Marg, beside Sai Nursing Home, Block A3, Janakpuri, New Delhi, Delhi, 110058",18008910001,https://location.reliancefashionfactorystores.com/fashion-factory-ff-new-delhi-janakpuri-clothing-stores-janakpuri-new-delhi-286933/Home?utm_source=locator&utm_medium=googleplaces,,4.5 stars,,https://www.google.com/maps/place/Fashion+Factory/data=!4m7!3m6!1s0x390d0562bb8f1a5f:0xd2dc5eac686ce4c5!8m2!3d28.6213746!4d77.0818441!16s%2Fg%2F11txldxzyj!19sChIJXxqPu2IFDTkRxeRsaKxe3NI?authuser=0&hl=en&rclk=1,2026-03-29 10:16:53
Royal Man Clothing Store,Clothing store,"
Ground Floor Shop, Royal Man Clothing Store, B-170, Pocket B, Jawahar Park, Khanpur, New Delhi, Delhi 110080",+919654224476,,,5.0 stars,,https://www.google.com/maps/place/Royal+Man+Clothing+Store/data=!4m7!3m6!1s0x390ce143852dc785:0xa633af40402b8ffe!8m2!3d28.5056603!4d77.2297029!16s%2Fg%2F11wpsvcw_9!19sChIJhccthUPhDDkR_o8rQECvM6Y?authuser=0&hl=en&rclk=1,2026-03-29 10:16:57
Clothes 'N; More,Clothing store,"
Shop No.4 & 5, Ajmal Khan Rd, near Metro Station, Block 1, WEA, Karol Bagh, New Delhi, Delhi, 110005",+919899906263,,,4.8 stars,,https://www.google.com/maps/place/Clothes+%27N;+More/data=!4m7!3m6!1s0x390d0298b6ed399f:0xfeed051c3aaf84dc!8m2!3d28.644716!4d77.18835!16s%2Fg%2F12hrbcsgv!19sChIJnznttpgCDTkR3ISvOhwF7f4?authuser=0&hl=en&rclk=1,2026-03-29 10:17:00
Vishal Rajasthan Emporium,Clothing store,"
Flat No.16, 1st Floor, Main Road, opposite Old Bata Showroom, Central Market, Lajpat Nagar II, New Delhi, Delhi 110024",+919811229265,,,4.5 stars,,https://www.google.com/maps/place/Vishal+Rajasthan+Emporium/data=!4m7!3m6!1s0x390ce3ad33e69b6b:0x79b8b9ba57bdedb5!8m2!3d28.5696718!4d77.2418985!16s%2Fg%2F1th5gv57!19sChIJa5vmM63jDDkRte29V7q5uHk?authuser=0&hl=en&rclk=1,2026-03-29 10:17:03
H&M,Clothing store,"
Site IV, Plot No SH3, near Pari Chowk, Greater Noida, Noida, Uttar Pradesh 201315",18008898000,https://www2.hm.com/en_in/customer-service/shopping-at-hm/store-locator/india/noida/grand-venice/IN0047.html?utm_source=google_location&utm_medium=organic&utm_content=IN0047&utm_campaign=pi_INQ00AAU0AA004,,3.9 stars,,https://www.google.com/maps/place/H%26M/data=!4m7!3m6!1s0x390cc1aa8f2a8383:0xaeb011d0828bf611!8m2!3d28.452878!4d77.525994!16s%2Fg%2F11h225n46y!19sChIJg4Mqj6rBDDkREfaLgtARsK4?authuser=0&hl=en&rclk=1,2026-03-29 10:17:08
Planet Fashion,Clothing store,"
Shop No I, 40, Veer Savarkar Marg, Central Market, Lajpat Nagar II, Lajpat Nagar, New Delhi, Delhi 110024",,https://www.planetfashionclothing.com,,4.3 stars,,https://www.google.com/maps/place/Planet+Fashion/data=!4m7!3m6!1s0x390ce3ad6cc45459:0x8136a13d4ddfa9eb!8m2!3d28.5698268!4d77.2424198!16s%2Fg%2F11cjp7s89l!19sChIJWVTEbK3jDDkR66nfTT2hNoE?authuser=0&hl=en&rclk=1,2026-03-29 10:17:17
"Study By Janak (SBJ), South Ex. (Part 1) | Designer Store",Clothing store,"
9, North Avenue North Avenue Road, South Extension I, Area, New Delhi, Delhi 110049",+919911894900,https://www.studybyjanak.com,,4.0 stars,,"https://www.google.com/maps/place/Study+By+Janak+%28SBJ%29,+South+Ex.+%28Part+1%29+%7C+Designer+Store/data=!4m7!3m6!1s0x390ce25cfd30a6af:0x1a17849ea90cd310!8m2!3d28.5687066!4d77.2240154!16s%2Fg%2F1x6q046d!19sChIJr6Yw_VziDDkRENMMqZ6EFxo?authuser=0&hl=en&rclk=1",2026-03-29 10:17:25
"RMV Garments ( Atlanta , german legend) best blazer in delhi",Men's clothing store,"
Unnamed Road, Block N 3, Mohan Garden, Hastsal, Delhi, 110059",+917678373824,,,4.9 stars,,"https://www.google.com/maps/place/RMV+Garments+%28+Atlanta+,+german+legend%29+best+blazer+in+delhi/data=!4m7!3m6!1s0x390d05bce88676a3:0x6b75653a943d3d93!8m2!3d28.6353234!4d77.0406496!16s%2Fg%2F11h2fvd7tz!19sChIJo3aG6LwFDTkRkz09lDpldWs?authuser=0&hl=en&rclk=1",2026-03-29 10:17:28
"Aza Fashions, South Extension, New Delhi.",Designer Clothing Store,"
Eros 48, Ground Floor 1 F, Mahatma Gandhi Rd, South Extension, New Delhi, Delhi 110049",+919310178433,https://www.azafashions.com/store-locator/delhi/south-extension,,4.7 stars,,"https://www.google.com/maps/place/Aza+Fashions,+South+Extension,+New+Delhi./data=!4m7!3m6!1s0x390ce2677e435859:0x96bacf1d17766752!8m2!3d28.569283!4d77.2173875!16s%2Fg%2F124yntlwy!19sChIJWVhDfmfiDDkRUmd2Fx3PupY?authuser=0&hl=en&rclk=1",2026-03-29 10:17:33
S Three Western Villa,Plus Size Clothing Store,"
first floor, Backside Octave Store, G 156 157 158, M2k, near Chunmun Mall, near Rani Bagh, Saint Nagar Delhi, Rani Bagh, Shakurpur, New Delhi, Delhi, 110034",+918587071920,,,4.5 stars,,https://www.google.com/maps/place/S+Three+Western+Villa/data=!4m7!3m6!1s0x390d03c49bbde337:0x856b9d038e20a616!8m2!3d28.6900808!4d77.1344497!16s%2Fg%2F11b75fhrmp!19sChIJN-O9m8QDDTkRFqYgjgOda4U?authuser=0&hl=en&rclk=1,2026-03-29 10:17:37
"Harish Garments - Men, Women & Kids Store",Clothing store,"
E-17, Block E, Naraina Vihar, Naraina, New Delhi, Delhi 110028",+911141411511,,,4.5 stars,,"https://www.google.com/maps/place/Harish+Garments+-+Men,+Women+%26+Kids+Store/data=!4m7!3m6!1s0x390d0324ecab390d:0xfdcf2896d853defe!8m2!3d28.630903!4d77.1384366!16s%2Fg%2F1th5gvbp!19sChIJDTmr7CQDDTkR_t5T2JYoz_0?authuser=0&hl=en&rclk=1",2026-03-29 10:17:40
DC Fashion - Karol Bagh,Designer Clothing Store,"
2435 to 2438, Ajmal Khan Rd, Block 35M, Beadonpura, Karol Bagh, New Delhi, Delhi, 110005","+919650519056, +911141557472",https://dcfashion.in,,4.8 stars,,https://www.google.com/maps/place/DC+Fashion+-+Karol+Bagh/data=!4m7!3m6!1s0x390d035814ec3aff:0x874819b979923c29!8m2!3d28.650175!4d77.1923421!16s%2Fg%2F11lryny5sp!19sChIJ_zrsFFgDDTkRKTySebkZSIc?authuser=0&hl=en&rclk=1,2026-03-29 10:17:46
Sai Garments,Clothing store,"
Shop No, 49, Sri Aurobindo Marg, INA Market, Aviation Colony, INA Colony, New Delhi, Delhi 110023",+919650226741,,,4.7 stars,,https://www.google.com/maps/place/Sai+Garments/data=!4m7!3m6!1s0x390ce2804031a7e3:0x595e1ab57899da8b!8m2!3d28.5744441!4d77.2101212!16s%2Fg%2F1th1b2c4!19sChIJ46cxQIDiDDkRi9qZeLUaXlk?authuser=0&hl=en&rclk=1,2026-03-29 10:17:49
THUKRALS ETHNIC,Clothing store,"
Mandir Marg, Block D, Krishna Nagar, Delhi, 110051",+919810531313,,,4.8 stars,,https://www.google.com/maps/place/THUKRALS+ETHNIC/data=!4m7!3m6!1s0x390cfc9c4809dc21:0x5b554563211e49e9!8m2!3d28.6588084!4d77.28033!16s%2Fg%2F11b74776mv!19sChIJIdwJSJz8DDkR6UkeIWNFVVs?authuser=0&hl=en&rclk=1,2026-03-29 10:17:52
Shri Balaji Garments mens wear,Men's clothing store,"
A-30, Defence Enclave, Balaji Chowk Rd, Mohan Garden, Uttam Nagar, New Delhi, Delhi 110059",+919667309080,,,4.3 stars,,https://www.google.com/maps/place/Shri+Balaji+Garments+mens+wear/data=!4m7!3m6!1s0x390d05385e7f871d:0x6ffb14e5358c721d!8m2!3d28.6378123!4d77.039497!16s%2Fg%2F11gsmkxqzm!19sChIJHYd_XjgFDTkRHXKMNeUU-28?authuser=0&hl=en&rclk=1,2026-03-29 10:17:56
Clothing Store,Men's clothing store,"
RZ-56E Gali Number 3 Gandhi Market, West Sagarpur, Bsj, Delhi 110046",,http://silverzone.org,,3.8 stars,,https://www.google.com/maps/place/Clothing+Store/data=!4m7!3m6!1s0x390d1ca9bad4a24f:0x8ea886ff2dcefa5!8m2!3d28.6051576!4d77.1043382!16s%2Fg%2F11c3n2xnmz!19sChIJT6LUuqkcDTkRpe_c8m-I6gg?authuser=0&hl=en&rclk=1,2026-03-29 10:18:00
M. Garments,Clothing store,"
130, Main Market, Shera Mohalla, Garhi, East of Kailash, New Delhi, Delhi 110065",+919560074268,,,3.8 stars,,https://www.google.com/maps/place/M.+Garments/data=!4m7!3m6!1s0x390ce3b79905c5d7:0xa48cd7439f183690!8m2!3d28.5599415!4d77.2508652!16s%2Fg%2F12hmlbjd3!19sChIJ18UFmbfjDDkRkDYYn0PXjKQ?authuser=0&hl=en&rclk=1,2026-03-29 10:18:04
Welcome Garments- Jeans Shop In Delhi,Jeans shop,"
Shop No, 1, Mubarak Pur Dabas Rd, near Chappan Bhog, Phase 2, Inder Enclave, Baljit Vihar, New Delhi, Delhi, 110086",+919773806153,,,4.8 stars,,https://www.google.com/maps/place/Welcome+Garments-+Jeans+Shop+In+Delhi/data=!4m7!3m6!1s0x390d071ff32ea3dd:0x7d019c1c107146!8m2!3d28.7009299!4d77.0503515!16s%2Fg%2F11gskzkv45!19sChIJ3aMu8x8HDTkRRnEQHJwBfQA?authuser=0&hl=en&rclk=1,2026-03-29 10:18:07
Rajasthan Readymade Store,Men's clothing store,"
489, Gurudwara Rd, South Extension I, Shiv Nagar, Kotla Mubarakpur, New Delhi, Delhi 110003",+919718608098,https://rajasthanreadymadestore.in,,4.2 stars,,https://www.google.com/maps/place/Rajasthan+Readymade+Store/data=!4m7!3m6!1s0x390ce259756e0a19:0x9d7dd8153e28e9a1!8m2!3d28.57398!4d77.226097!16s%2Fg%2F1tcxsmbt!19sChIJGQpudVniDDkRoekoPhXYfZ0?authuser=0&hl=en&rclk=1,2026-03-29 10:18:11
Fashion King,Men's clothing store,"
8320, Hotel, 5, nearby White House, Multani Dhanda, Paharganj, New Delhi, Delhi 110055",+919555444139,,,5.0 stars,,https://www.google.com/maps/place/Fashion+King/data=!4m7!3m6!1s0x390cfdbb51816e41:0x45357a20659f2a23!8m2!3d28.646577!4d77.212354!16s%2Fg%2F11sj9qtyvp!19sChIJQW6BUbv9DDkRIyqfZSB6NUU?authuser=0&hl=en&rclk=1,2026-03-29 10:18:14
Goyal Fashions,Men's clothing store,"
Rz E21 Gandhi Market, NCR, West Sagarpur, Delhi, 110046",+919717493926,,,4.3 stars,,https://www.google.com/maps/place/Goyal+Fashions/data=!4m7!3m6!1s0x390d1b55e014bf2b:0x1501c0dd4a882dc7!8m2!3d28.6066178!4d77.1012035!16s%2Fg%2F1tgfnhvv!19sChIJK78U4FUbDTkRxy2ISt3AARU?authuser=0&hl=en&rclk=1,2026-03-29 10:18:18
Yaneesha Apparels | Mens Clothing Wholesaler & Manufacturer Store In Delhi,Men's clothing store,"
R, Export market, Ramesh Park, 156 A, Gali No. 7, Block A, Ganesh Nagar II, Laxmi Nagar, Delhi, 110092",+919810236891,,,4.9 stars,,https://www.google.com/maps/place/Yaneesha+Apparels+%7C+Mens+Clothing+Wholesaler+%26+Manufacturer+Store+In+Delhi/data=!4m7!3m6!1s0x390cfd4ffe635703:0xdab6c1dd15e44563!8m2!3d28.6255508!4d77.2824704!16s%2Fg%2F11hf95y1xg!19sChIJA1dj_k_9DDkRY0XkFd3Btto?authuser=0&hl=en&rclk=1,2026-03-29 10:18:21
"Ogaan - Chanakyapuri, New Delhi",Clothing store,"
No. 3 & 4, Malcha Marg, Block C, Market, Chanakyapuri, New Delhi, Delhi 110021","+911141716121, +918130109011, +919667772383",http://www.ogaan.com,"contributors@ogaan.com, hr@ogaan.com, press@ogaan.com, saleshelp@ogaan.com",4.1 stars,,"https://www.google.com/maps/place/Ogaan+-+Chanakyapuri,+New+Delhi/data=!4m7!3m6!1s0x390d1d5c65adc3c9:0x9824caa63fa55e6e!8m2!3d28.6019622!4d77.1861083!16s%2Fg%2F11cn94cb77!19sChIJycOtZVwdDTkRbl6lP6bKJJg?authuser=0&hl=en&rclk=1",2026-03-29 10:18:29
Maximum Outfits,Clothing store,"
K-50, Block K, Lajpat Nagar II, Lajpat Nagar, New Delhi, Delhi 110024",+919899295657,,,4.1 stars,,https://www.google.com/maps/place/Maximum+Outfits/data=!4m7!3m6!1s0x390ce32313c5f5bf:0xdf0cdf8a18eb95fd!8m2!3d28.568316!4d77.2442441!16s%2Fg%2F1tptn_5t!19sChIJv_XFEyPjDDkR_ZXrGIrfDN8?authuser=0&hl=en&rclk=1,2026-03-29 10:18:32
BrandLand | Best Clothing Stores in Delhi & Online Clothing Shopping,Clothing store,"
UG-7, Essel house, Asaf Ali Rd, Turkman Gate, Chandni Chowk, Delhi, 110002",+918700472929,,,4.8 stars,,https://www.google.com/maps/place/BrandLand+%7C+Best+Clothing+Stores+in+Delhi+%26+Online+Clothing+Shopping/data=!4m7!3m6!1s0x390cfd3db66528b9:0xa94550f60685e5b5!8m2!3d28.6423783!4d77.2323156!16s%2Fg%2F11m_yq3brm!19sChIJuShltj39DDkRteWFBvZQRak?authuser=0&hl=en&rclk=1,2026-03-29 10:18:36
Kunwar Garments || Clothing Shop,Clothing store,"
subhash kansel marg, near Safed Mandir, A-2, Harsh Vihar, Sahibabad, Delhi, 110093",+919999734826,https://youtu.be/H6UFVrjp17M,,4.9 stars,,https://www.google.com/maps/place/Kunwar+Garments+%7C%7C+Clothing+Shop/data=!4m7!3m6!1s0x390cfbaa9c8dac95:0xd75ed65f809df647!8m2!3d28.7023737!4d77.3242957!16s%2Fg%2F11fj1rk615!19sChIJlayNnKr7DDkRR_adgF_WXtc?authuser=0&hl=en&rclk=1,2026-03-29 10:18:43
"UNIQLO Connaught Place, Delhi",Clothing store,"
Building No. 1, 1-A, Radial Rd Number 2, Block A, Connaught Place, New Delhi, Delhi 110001",+919220902497,https://www.uniqlo.com/in/en,,4.4 stars,,"https://www.google.com/maps/place/UNIQLO+Connaught+Place,+Delhi/data=!4m7!3m6!1s0x390cfd1b9cce1aed:0x482d4f69b4ab6b63!8m2!3d28.6323437!4d77.2177076!16s%2Fg%2F11jszpq1_n!19sChIJ7RrOnBv9DDkRY2urtGlPLUg?authuser=0&hl=en&rclk=1",2026-03-29 10:18:52
The Clothes Villa,Clothing store,"
F-24/22, Sector 3, Rohini, New Delhi, Delhi, 110085",+918130332137,http://www.instagram.com/the_clothesvilla,,4.1 stars,,https://www.google.com/maps/place/The+Clothes+Villa/data=!4m7!3m6!1s0x390d0400253be5d5:0x7c4058e4606c4481!8m2!3d28.7032088!4d77.1004468!16s%2Fg%2F11fzfd8xsp!19sChIJ1eU7JQAEDTkRgURsYORYQHw?authuser=0&hl=en&rclk=1,2026-03-29 10:19:00
Yadav Garments,Clothing store,"
R-155, Street No. 2, Main Rd, Ramesh Park, Laxmi Nagar, New Delhi, Delhi 110092",+919971111997,,,3.9 stars,,https://www.google.com/maps/place/Yadav+Garments/data=!4m7!3m6!1s0x390cfdc1328b6d1f:0xf0b70b012370cf18!8m2!3d28.6348537!4d77.2724114!16s%2Fg%2F11pl86d1qj!19sChIJH22LMsH9DDkRGM9wIwELt_A?authuser=0&hl=en&rclk=1,2026-03-29 10:19:03
KALKI South Ex 2 Delhi,Clothing store,"
E-Block, E-3, South Extension II, New Delhi, Delhi 110049","+911141170730, +911140846611, +911140846622, +911141197717, +912248900247, +912248900416, +912248977877, +914045209977, +914448135511, +917314850200, +917949121222, +917949121317, +918071189800",https://in.kalkifashion.com/pages/our-stores/kalki-fashion-designer-clothing-store-delhi?utm_source=google_gmb&utm_medium=organic,info@kalkifashion.com,4.7 stars,,https://www.google.com/maps/place/KALKI+South+Ex+2+Delhi/data=!4m7!3m6!1s0x390ce34131a8fdf5:0x8b99b391e32fbd45!8m2!3d28.5681612!4d77.2209648!16s%2Fg%2F11t4bv8w_s!19sChIJ9f2oMUHjDDkRRb0v45GzmYs?authuser=0&hl=en&rclk=1,2026-03-29 10:19:10
Export Haat,Clothing store,"
F-19, Deshbandhu College Lane, Block F, Kalkaji, New Delhi, Delhi 110019",+911141602873,http://www.exporthaat.com,,4.0 stars,,https://www.google.com/maps/place/Export+Haat/data=!4m7!3m6!1s0x390ce3da2b85b70b:0x2f9a8c68d409d258!8m2!3d28.541199!4d77.254711!16s%2Fg%2F119wpttzx!19sChIJC7eFK9rjDDkRWNIJ1GiMmi8?authuser=0&hl=en&rclk=1,2026-03-29 10:19:17
"Westside - Lajpat Nagar, Delhi",Clothing store,"
Alankar Cinema, A-15, Firoz Ghandi Marg, Lajpat Nagar III, New Delhi, Delhi 110024",+911131525291,https://www.westside.com/?utm_source=google-gmb&utm_medium=gmb-seo-url&utm_campaign=westside-gmb,,4.2 stars,,"https://www.google.com/maps/place/Westside+-+Lajpat+Nagar,+Delhi/data=!4m7!3m6!1s0x390ce3da60dec63d:0xd781a1aa87292c62!8m2!3d28.5679072!4d77.240959!16s%2Fg%2F1td5_2zf!19sChIJPcbeYNrjDDkRYiwph6qhgdc?authuser=0&hl=en&rclk=1",2026-03-29 10:19:22
Sai Garments,Clothing store,"
FLAT NO.331, Dwarka Mor, NEW DELHI, Delhi 110078",+918368667610,,,4.9 stars,,https://www.google.com/maps/place/Sai+Garments/data=!4m7!3m6!1s0x390d05fb5212130b:0xced846b5104e9745!8m2!3d28.6183676!4d77.0282156!16s%2Fg%2F11jp08l9mr!19sChIJCxMSUvsFDTkRRZdOELVG2M4?authuser=0&hl=en&rclk=1,2026-03-29 10:19:26
Torino Garments,Clothing store,"
C - 189, Gurudwara Rd, near लाल मंदिर, South Extension I, Wazir Nagar, New Delhi, Delhi 110003",+911141069419,,,4.8 stars,,https://www.google.com/maps/place/Torino+Garments/data=!4m7!3m6!1s0x390ce25bd789a449:0x68136fdabbc4c09c!8m2!3d28.5721437!4d77.225407!16s%2Fg%2F1tm1nv5f!19sChIJSaSJ11viDDkRnMDEu9pvE2g?authuser=0&hl=en&rclk=1,2026-03-29 10:19:29
shiv fashion,Men's clothing store,"
4, opposite TOMAR MEDICAL STORE, Chirag Dilli, New Delhi, Delhi 110017",+919811624139,,,4.5 stars,,https://www.google.com/maps/place/shiv+fashion/data=!4m7!3m6!1s0x390ce225f4655b69:0x65f415142cb5f788!8m2!3d28.5396168!4d77.228709!16s%2Fg%2F11b7hmdcmt!19sChIJaVtl9CXiDDkRiPe1LBQV9GU?authuser=0&hl=en&rclk=1,2026-03-29 10:19:32
Darshan clothing store,Clothing store,"
J-12, behind golden fiesta, Central Market, Lajpat Nagar II, Lajpat Nagar, New Delhi, Delhi 110024",+919818488538,,,5.0 stars,,https://www.google.com/maps/place/Darshan+clothing+store/data=!4m7!3m6!1s0x390ce30e9810b9f1:0x31e050b0f066f0b5!8m2!3d28.568513!4d77.2420718!16s%2Fg%2F11r858cfpq!19sChIJ8bkQmA7jDDkRtfBm8LBQ4DE?authuser=0&hl=en&rclk=1,2026-03-29 10:19:35
D’Cent Collection,Clothing store,"
A-15, main jaitpur markit, near sharma medical, Saurabh Vihar, Jaitpur, Delhi, New Delhi, Delhi 110044",+919990037828,,,4.9 stars,,https://www.google.com/maps/place/D%E2%80%99Cent+Collection/data=!4m7!3m6!1s0x390ce742c3d430ab:0xb2e2f30e3a27bd3f!8m2!3d28.5077318!4d77.3219988!16s%2Fg%2F11t72k4n05!19sChIJqzDUw0LnDDkRP70nOg7z4rI?authuser=0&hl=en&rclk=1,2026-03-29 10:19:38
Saini Fashion - Complete Family Wear Showroom,Clothing store,"
HOUSE NO. 62, KH, NO. 13/26, Railway Rd, Samaypur, Delhi, 110042",+918003669667,http://sainifashion.com,,3.8 stars,,https://www.google.com/maps/place/Saini+Fashion+-+Complete+Family+Wear+Showroom/data=!4m7!3m6!1s0x390d01014b3b5f47:0xbc2edea7e6f144a0!8m2!3d28.7481357!4d77.14422!16s%2Fg%2F11cjvr82cx!19sChIJR187SwEBDTkRoETx5qfeLrw?authuser=0&hl=en&rclk=1,2026-03-29 10:19:47
Luxmi Jain Garments,Clothing store,"
138, छोटा बाजार, Chotta Bazar, Jawala Nagar, Shahdara, Delhi, 110032",+919213130396,https://luxmi-jain-garments.grexa.site,,4.9 stars,,https://www.google.com/maps/place/Luxmi+Jain+Garments/data=!4m7!3m6!1s0x390cfb7c2cb3b2c9:0xc763a9fdc12eadff!8m2!3d28.6720252!4d77.2912418!16s%2Fg%2F12llr5z8w!19sChIJybKzLHz7DDkR_60uwf2pY8c?authuser=0&hl=en&rclk=1,2026-03-29 10:19:52
Best Garment Shop,Women's clothing store,"
SHOP NO -240, 23, opposite DELHI HAAT, INA Market, Aviation Colony, INA Colony, New Delhi, Delhi 110023",+919811048376,,,4.3 stars,,https://www.google.com/maps/place/Best+Garment+Shop/data=!4m7!3m6!1s0x390ce39d53c9fa35:0x10637ec27ae0e233!8m2!3d28.5749525!4d77.2100862!16s%2Fg%2F11vr965z4m!19sChIJNfrJU53jDDkRM-LgesJ-YxA?authuser=0&hl=en&rclk=1,2026-03-29 10:19:55
Fashion wob,Clothing store,"
Shop no -1010 street, no -32, Jafrabad, Delhi, 110053","+919350827763, +919625727763",https://fashionwob.in,nrfashionwob@gmail.com,5.0 stars,,https://www.google.com/maps/place/Fashion+wob/data=!4m7!3m6!1s0x390cfd1af9f55a45:0x481d5b816a1dff94!8m2!3d28.6803326!4d77.2725977!16s%2Fg%2F11gnsx3sfy!19sChIJRVr1-Rr9DDkRlP8daoFbHUg?authuser=0&hl=en&rclk=1,2026-03-29 10:20:01
Bhumika Garments,Women's clothing store,"
RZ-37, Gali Number 6, Tughlakabad Extension, Tughlakabad, New Delhi, Delhi 110019",+919990510357,,,4.0 stars,,https://www.google.com/maps/place/Bhumika+Garments/data=!4m7!3m6!1s0x390ce16639fdf46d:0xaa658ce178e16e72!8m2!3d28.525324!4d77.259962!16s%2Fg%2F11b7q8qp81!19sChIJbfT9OWbhDDkRcm7heOGMZao?authuser=0&hl=en&rclk=1,2026-03-29 10:20:04
MEENU GARMENTS,Men's clothing store,"
13-A, Pushpa, Central Market, Lajpat Nagar II, Lajpat Nagar, New Delhi, Delhi 110024",+911129834647,,,4.3 stars,,https://www.google.com/maps/place/MEENU+GARMENTS/data=!4m7!3m6!1s0x390ce3ad60924247:0xba2ddd6a82d7415b!8m2!3d28.5687272!4d77.241998!16s%2Fg%2F1v44nt2g!19sChIJR0KSYK3jDDkRW0HXgmrdLbo?authuser=0&hl=en&rclk=1,2026-03-29 10:20:07
BANSAL GARMENTS ( A Complete family wear shop),Clothing store,"
E-54, 40 Feet Rd, Block C, Chanakya Place, near sanathan dham mandir, Sitapuri, New Delhi, Delhi 110059",+919211359694,,,5.0 stars,,https://www.google.com/maps/place/BANSAL+GARMENTS+%28+A+Complete+family+wear+shop%29/data=!4m7!3m6!1s0x390d04cbb2ce09e9:0x1b02a7af89cc91bf!8m2!3d28.607956!4d77.0755138!16s%2Fg%2F12hkfjcy4!19sChIJ6QnOsssEDTkRv5HMia-nAhs?authuser=0&hl=en&rclk=1,2026-03-29 10:20:10
Super Cloth Store,Clothing store,"
M-23 A, Greater Kailash-1, M Block, Greater Kailash I, Greater Kailash, New Delhi, Delhi 110048",+918920670988,,,4.7 stars,,https://www.google.com/maps/place/Super+Cloth+Store/data=!4m7!3m6!1s0x390ce233f00ad96f:0x9f8e220e2352adca!8m2!3d28.5498268!4d77.2357165!16s%2Fg%2F12mkw97km!19sChIJb9kK8DPiDDkRyq1SIw4ijp8?authuser=0&hl=en&rclk=1,2026-03-29 10:20:13
Bengal Readymade Store.,Clothing store,"
RZ125/A, Ram Chowk, Sadh Nagar, Palam, New Delhi, Delhi, 110045",+919899712709,,,4.2 stars,,https://www.google.com/maps/place/Bengal+Readymade+Store./data=!4m7!3m6!1s0x390d1b67d61e737d:0xbb19d5247bc7cded!8m2!3d28.585958!4d77.090589!16s%2Fg%2F12hpv0vnd!19sChIJfXMe1mcbDTkR7c3HeyTVGbs?authuser=0&hl=en&rclk=1,2026-03-29 10:20:16
"Jagdish Cloth Emporium Deals in Lavos Bamboo Cottons,Van Heusen, Mens and womens, USPolo",Clothing store,"
Shop No.145 Market, South Moti Bagh, New Delhi, Delhi 110021",,,,4.9 stars,,"https://www.google.com/maps/place/Jagdish+Cloth+Emporium+Deals+in+Lavos+Bamboo+Cottons,Van+Heusen,+Mens+and+womens,+USPolo/data=!4m7!3m6!1s0x390d1d0cbcff28e1:0x4d444139c96ddf9c!8m2!3d28.5788931!4d77.1707258!16s%2Fg%2F12lkgkj62!19sChIJ4Sj_vAwdDTkRnN9tyTlBRE0?authuser=0&hl=en&rclk=1",2026-03-29 10:20:19
Clothing Empire Wale,Clothing store,"
Basement, F-8, opposite third wave coffee, Block F, Kalkaji, New Delhi, Delhi 110019",+919958335963,,,5.0 stars,,https://www.google.com/maps/place/Clothing+Empire+Wale/data=!4m7!3m6!1s0x390ce17ec80b0405:0xa27db2deb81ea068!8m2!3d28.5418763!4d77.254024!16s%2Fg%2F11txm4d3_b!19sChIJBQQLyH7hDDkRaKAeuN6yfaI?authuser=0&hl=en&rclk=1,2026-03-29 10:20:22
Style Fit,Men's clothing store,"
40 Feet Rd, Vikas Nagar I, Maharani Enclave, Hastsal, Delhi, 110059",+919811444914,,,4.6 stars,,https://www.google.com/maps/place/Style+Fit/data=!4m7!3m6!1s0x390d051edadd26e1:0xb76209fe533da0aa!8m2!3d28.6338995!4d77.0512377!16s%2Fg%2F1pv0vwt82!19sChIJ4Sbd2h4FDTkRqqA9U_4JYrc?authuser=0&hl=en&rclk=1,2026-03-29 10:20:25
CHEAP GARMENTS,Clothing store,"
Shop No.255, Sri Aurobindo Marg, INA Market, Aviation Colony, INA Colony, New Delhi, Delhi 110023",+919873087815,,,4.7 stars,,https://www.google.com/maps/place/CHEAP+GARMENTS/data=!4m7!3m6!1s0x390ce262493e1e43:0x534b39818fc973aa!8m2!3d28.5741002!4d77.2094987!16s%2Fg%2F1tj87tdy!19sChIJQx4-SWLiDDkRqnPJj4E5S1M?authuser=0&hl=en&rclk=1,2026-03-29 10:20:28
FASHION EXPORT HUT,Clothing store,"
Shop n, A-10, Devli Rd, Khanpur Extension, Khanpur, New Delhi, Delhi 110062",+917303079273,,,4.9 stars,,https://www.google.com/maps/place/FASHION+EXPORT+HUT/data=!4m7!3m6!1s0x390ce1659b3bc379:0xd40c01060d1b1af3!8m2!3d28.5127913!4d77.2328363!16s%2Fg%2F11nxt9q17v!19sChIJecM7m2XhDDkR8xobDQYBDNQ?authuser=0&hl=en&rclk=1,2026-03-29 10:20:32
Fashion Point,Men's clothing store,"
Shop No. 38, Community Center, Block A, New Friends Colony, New Delhi, Delhi 110025",+911140153985,,,3.1 stars,,https://www.google.com/maps/place/Fashion+Point/data=!4m7!3m6!1s0x390ce3948e558ea1:0xc805d7d3e1ea996d!8m2!3d28.561779!4d77.268288!16s%2Fg%2F1w3w1fjm!19sChIJoY5VjpTjDDkRbZnq4dPXBcg?authuser=0&hl=en&rclk=1,2026-03-29 10:20:35
Ego Garments Shop,Clothing store,"
Shop 29 DDA MARKET, Jail Rd, opposite Sandoz Restaurant, Delhi, 110058",+918860744821,,,3.4 stars,,https://www.google.com/maps/place/Ego+Garments+Shop/data=!4m7!3m6!1s0x390d04a2ccdb32af:0xa8a6b34e28519ad7!8m2!3d28.6311407!4d77.0978349!16s%2Fg%2F12ml2vmp1!19sChIJrzLbzKIEDTkR15pRKE6zpqg?authuser=0&hl=en&rclk=1,2026-03-29 10:20:38
"Westside - South Ex., Delhi",Clothing store,"
Westside - A Unit of Trent Limited, Plot no-5, South Extension II, Block M, New Delhi, Delhi 110049",+911141505088,https://www.westside.com/?utm_source=google-gmb&utm_medium=gmb-seo-url&utm_campaign=westside-gmb,,4.1 stars,,"https://www.google.com/maps/place/Westside+-+South+Ex.,+Delhi/data=!4m7!3m6!1s0x390ce3f039dd77c5:0x851bc66c80641f65!8m2!3d28.5678629!4d77.223995!16s%2Fg%2F11cmg5lght!19sChIJxXfdOfDjDDkRZR9kgGzGG4U?authuser=0&hl=en&rclk=1",2026-03-29 10:20:44
Manish Garments,Clothing store,"
D & E Market, Madanpur Khadar, Pocket E, Sarita Vihar, New Delhi, Delhi 110076",+911126974052,,,4.0 stars,,https://www.google.com/maps/place/Manish+Garments/data=!4m7!3m6!1s0x390ce6af5ad9ee11:0x94ea78897bb678!8m2!3d28.532558!4d77.297309!16s%2Fg%2F1hc0s95n1!19sChIJEe7ZWq_mDDkReLZ7iXjqlAA?authuser=0&hl=en&rclk=1,2026-03-29 10:20:47
Balaji Garments,Women's clothing store,"
Shop No. 80, Gali No. 2, Subji Market, Than Singh Nagar, Anand Parbat, New Delhi, Delhi, 110008",+919911734656,,,5.0 stars,,https://www.google.com/maps/place/Balaji+Garments/data=!4m7!3m6!1s0x390d035884bd0871:0x23e4635ee0ce747c!8m2!3d28.6597794!4d77.1811311!16s%2Fg%2F11kjg5670v!19sChIJcQi9hFgDDTkRfHTO4F5j5CM?authuser=0&hl=en&rclk=1,2026-03-29 10:20:50
Grover Garments,Men's clothing store,"
1078, Main Bazar Rd, Bagichi Ramchander, Kaseru Walan, Paharganj, New Delhi, Delhi 110055",+919891773576,,,5.0 stars,,https://www.google.com/maps/place/Grover+Garments/data=!4m7!3m6!1s0x390cfd409be49401:0x43c0cdbc70c368f8!8m2!3d28.6413759!4d77.215546!16s%2Fg%2F1tgj76d7!19sChIJAZTkm0D9DDkR-GjDcLzNwEM?authuser=0&hl=en&rclk=1,2026-03-29 10:20:53
Satya Garments,Clothing store,"
C-28, Rajan Babu Rd, Block C, Adarsh Nagar, Delhi, 110033",+919891501944,,,4.1 stars,,https://www.google.com/maps/place/Satya+Garments/data=!4m7!3m6!1s0x390d01f25508fa55:0xd52828fd3db85763!8m2!3d28.7198274!4d77.1745607!16s%2Fg%2F1tnhwqkh!19sChIJVfoIVfIBDTkRY1e4Pf0oKNU?authuser=0&hl=en&rclk=1,2026-03-29 10:20:57
Santushti Concept shop,Boutique,"
H5WX+49R, Santushti Complex, New Wellingdon Camp, Race Course, New Delhi, Delhi 110021",+911124104680,,,4.6 stars,,https://www.google.com/maps/place/Santushti+Concept+shop/data=!4m7!3m6!1s0x390ce29ee4749369:0x8f31ae53a8006a99!8m2!3d28.5953699!4d77.1983807!16s%2Fg%2F11g6n9_n99!19sChIJaZN05J7iDDkRmWoAqFOuMY8?authuser=0&hl=en&rclk=1,2026-03-29 10:21:00
Blazon Clothing,Lingerie manufacturer,"
23/61, Old Rajinder Nagar, Rajinder Nagar, New Delhi, Delhi, 110060",+919958828896,https://blazonclothing.com,blazon.care@gmail.com,4.9 stars,,https://www.google.com/maps/place/Blazon+Clothing/data=!4m7!3m6!1s0x390d02a2f121a563:0x36e73bbabd1bb141!8m2!3d28.6386887!4d77.1857399!16s%2Fg%2F1tdcvh78!19sChIJY6Uh8aICDTkRQbEbvbo75zY?authuser=0&hl=en&rclk=1,2026-03-29 10:21:06
Fusion Exclusive Wear,Clothing store,"
Shop No.14 D. D. A. Market Opp. Azad Appartments Near Essex Farm's, I.I.T. Gate, Delhi 110016",+911146040240,,,4.2 stars,,https://www.google.com/maps/place/Fusion+Exclusive+Wear/data=!4m7!3m6!1s0x390ce20f3ac6e7d1:0xa4e56323570f00cb!8m2!3d28.543477!4d77.2011888!16s%2Fg%2F11b7tzvcs_!19sChIJ0efGOg_iDDkRywAPVyNj5aQ?authuser=0&hl=en&rclk=1,2026-03-29 10:21:09
Dress Up Girls,Clothing store,"
2567, Mandir Wali Gali, Shadipur, New Delhi, Delhi, 110008",,,,4.1 stars,,https://www.google.com/maps/place/Dress+Up+Girls/data=!4m7!3m6!1s0x390d037919a6d4a1:0x51a16017e3d49645!8m2!3d28.6477313!4d77.1615886!16s%2Fg%2F11f7674bx0!19sChIJodSmGXkDDTkRRZbU4xdgoVE?authuser=0&hl=en&rclk=1,2026-03-29 10:21:12
Shagoon Garments,Women's clothing store,"
X-211, Mohalla Ram Nagar chowk, near Police Station, Gandhi Nagar, New Delhi, Delhi 110031",+919717520567,,,3.8 stars,,https://www.google.com/maps/place/Shagoon+Garments/data=!4m7!3m6!1s0x390cfced3aaaaaab:0xd03f14e58ab3574f!8m2!3d28.6617809!4d77.2670234!16s%2Fg%2F1thxz5bk!19sChIJq6qqOu38DDkRT1eziuUUP9A?authuser=0&hl=en&rclk=1,2026-03-29 10:21:16
SHREEJI BOUTIQUE & READYMADE GARMENTS,Clothing store,"
Gate No. 3, B-15/2 Ifreedom fighter, IGNOU Rd, Freedom Fighters Enclave, Neb Sarai, New Delhi, Delhi 110068",+919810929330,,,4.8 stars,,https://www.google.com/maps/place/SHREEJI+BOUTIQUE+%26+READYMADE+GARMENTS/data=!4m7!3m6!1s0x390ce1054c3c5d11:0x3bc0592c08957845!8m2!3d28.5089672!4d77.2009403!16s%2Fg%2F11flbrl7x9!19sChIJEV08TAXhDDkRRXiVCCxZwDs?authuser=0&hl=en&rclk=1,2026-03-29 10:21:19
Vansh Garments,Clothing store,"
Shop Number -A, 417/1, Ram Dulari Tundelkar Ji Rd, Sanjay Colony I, Sanjay Colony, Okhla Phase II, Okhla Industrial Estate, New Delhi, Delhi 110020",+919717915974,,,4.8 stars,,https://www.google.com/maps/place/Vansh+Garments/data=!4m7!3m6!1s0x390ce3e2ad41027b:0xb869b6997a6a45e7!8m2!3d28.5377325!4d77.2747238!16s%2Fg%2F11f4pl2yb8!19sChIJewJBreLjDDkR50Vqepm2abg?authuser=0&hl=en&rclk=1,2026-03-29 10:21:22
Best garment shop 💯 original Fashion Squad,Men's clothing store,"
351, Ramphal Chowk Rd, Block C, Palam Extension, Dwarka, Delhi, 110077",,,,3.8 stars,,https://www.google.com/maps/place/Best+garment+shop+%F0%9F%92%AF+original+Fashion+Squad/data=!4m7!3m6!1s0x390d1b8598c5064f:0xcac17191ce73b6fa!8m2!3d28.5856019!4d77.0711207!16s%2Fg%2F11qfy7bzym!19sChIJTwbFmIUbDTkR-rZzzpFxwco?authuser=0&hl=en&rclk=1,2026-03-29 10:21:25
Shyam Garments,Clothing store,"
B-576, Budh Nagar, Inder Puri, New Delhi, Delhi 110028",+919811277881,,,4.3 stars,,https://www.google.com/maps/place/Shyam+Garments/data=!4m7!3m6!1s0x390d032141c67b35:0xacf04a45053304da!8m2!3d28.6349282!4d77.1439952!16s%2Fg%2F12mjyh8r0!19sChIJNXvGQSEDDTkR2gQzBUVK8Kw?authuser=0&hl=en&rclk=1,2026-03-29 10:21:29
Fashion India,Women's clothing store,"
1958, Outram Ln, Kingsway Camp, GTB Nagar, Delhi, 110033",+919899815320,,,4.8 stars,,https://www.google.com/maps/place/Fashion+India/data=!4m7!3m6!1s0x390cfde5554a9549:0xd3b04677d228c08c!8m2!3d28.7014265!4d77.205879!16s%2Fg%2F12hlzsxz_!19sChIJSZVKVeX9DDkRjMAo0ndGsNM?authuser=0&hl=en&rclk=1,2026-03-29 10:21:31
Jindal Cloth House,Clothing store,"
S-11, Main Market, Block S, Green Park Extension, Green Park, New Delhi, Delhi 110016",+919871414014,,,3.9 stars,,https://www.google.com/maps/place/Jindal+Cloth+House/data=!4m7!3m6!1s0x390ce273b82df575:0xe1c9eefc2afb1e00!8m2!3d28.5577081!4d77.2025538!16s%2Fg%2F1v7pwvwk!19sChIJdfUtuHPiDDkRAB77KvzuyeE?authuser=0&hl=en&rclk=1,2026-03-29 10:21:35
JS Garments,Women's clothing store,"
164, Shaheed Jeet Singh Marg, Block A, Katwaria Sarai, New Delhi, Delhi 110016",+919968419840,,,5.0 stars,,https://www.google.com/maps/place/JS+Garments/data=!4m7!3m6!1s0x390d1d243aa45b93:0x6d86eccfe5bef43a!8m2!3d28.5418141!4d77.1856608!16s%2Fg%2F11j6tzswrv!19sChIJk1ukOiQdDTkROvS-5c_shm0?authuser=0&hl=en&rclk=1,2026-03-29 10:21:38
Modern Garments,Clothing store,"
47,Opposite Kumar Cinema,Mc Donalds, Chandni Chowk Rd, Clock Market, New Lajpat Rai Market, Old Delhi, New Delhi, Delhi 110006",+917838986912,,,5.0 stars,,https://www.google.com/maps/place/Modern+Garments/data=!4m7!3m6!1s0x390cfd1a88feaca1:0x11c042fe6861dbda!8m2!3d28.6559916!4d77.2342606!16s%2Fg%2F1tfvxjkt!19sChIJoaz-iBr9DDkR2tthaP5CwBE?authuser=0&hl=en&rclk=1,2026-03-29 10:21:41
"Bombay Shirt Company - Custom Shirts, T-Shirts & Clothing",Clothing store,"
42A, Khan Market, Rabindra Nagar, New Delhi, Delhi 110003","+917997715655, +917865343212, +918452887740, +919513446201",https://www.bombayshirts.com/?utm_source=google&utm_medium=google-my-business,,4.1 stars,,"https://www.google.com/maps/place/Bombay+Shirt+Company+-+Custom+Shirts,+T-Shirts+%26+Clothing/data=!4m7!3m6!1s0x390ce2f1722cf835:0x985eecb6b5fbdccc!8m2!3d28.6009073!4d77.2274046!16s%2Fg%2F11c1q86lx9!19sChIJNfgscvHiDDkRzNz7tbbsXpg?authuser=0&hl=en&rclk=1",2026-03-29 10:21:48
"Pernia's Pop-Up Studio, Indian Handicrafts Emporium, New Delhi",Designer Clothing Store,"
5, Road, Main, Sri Aurobindo Marg, Mehrauli, New Delhi, Delhi 110030","+919321827201, +917847848484, +918488070070",https://www.perniaspopupshop.com/store/indian-handicrafts-emporium,customercare@perniaspopupshop.com,4.7 stars,,"https://www.google.com/maps/place/Pernia%27s+Pop-Up+Studio,+Indian+Handicrafts+Emporium,+New+Delhi/data=!4m7!3m6!1s0x390d1da853365fab:0xd8fb3f56977562a8!8m2!3d28.5288646!4d77.1900942!16s%2Fg%2F11tjjnr_v5!19sChIJq182U6gdDTkRqGJ1l1Y_-9g?authuser=0&hl=en&rclk=1",2026-03-29 10:21:56
Pinku Garmentes,Clothing store,"
J2JJ+VRH, Budh Bazar Road,Uttam Nagar, Mohan Garden, Delhi, 110059",+919968406374,,,4.5 stars,,https://www.google.com/maps/place/Pinku+Garmentes/data=!4m7!3m6!1s0x390d056b3e576de1:0xd475358c683c0531!8m2!3d28.6322!4d77.0321182!16s%2Fg%2F12hlsjdzq!19sChIJ4W1XPmsFDTkRMQU8aIw1ddQ?authuser=0&hl=en&rclk=1,2026-03-29 10:21:59
Young Fashion,Women's clothing store,"
Shop No 34, Block B, Anand Niketan, New Delhi, Delhi 110021","+911124118001, +911244309735, +911724005660, +919717780971",https://www.youngfashionstores.com,"mail@youngfashionindia.com, ouroffice@youngfashionindia.in",4.5 stars,,https://www.google.com/maps/place/Young+Fashion/data=!4m7!3m6!1s0x390d1d0eb186fad7:0x91c1b05418de1ee9!8m2!3d28.5787088!4d77.1648934!16s%2Fg%2F1jkyshcq8!19sChIJ1_qGsQ4dDTkR6R7eGFSwwZE?authuser=0&hl=en&rclk=1,2026-03-29 10:22:09
Narang Garments Unit 2,Clothing store,"
E-40, Veer Savarkar Marg, Block E, market, Lajpat Nagar, New Delhi, Delhi, 110024",+918441928441,https://naranggarments.com,info@naranggarments.com,4.1 stars,,https://www.google.com/maps/place/Narang+Garments+Unit+2/data=!4m7!3m6!1s0x390ce300726252a9:0x60fb9d58c3221c54!8m2!3d28.5705425!4d77.2404863!16s%2Fg%2F11vz005ylj!19sChIJqVJicgDjDDkRVBwiw1id-2A?authuser=0&hl=en&rclk=1,2026-03-29 10:22:25
A.S. Garments,Clothing store,"
housing complex, 125, Mor, near Allahabad Bank Basement, Patel Garden, Block A, Sector 15 Dwarka, Kakrola, New Delhi, Delhi, 110059",+919310615891,,,5.0 stars,,https://www.google.com/maps/place/A.S.+Garments/data=!4m7!3m6!1s0x390d054602ae2df7:0x41f34ffa2af49615!8m2!3d28.6176537!4d77.0295396!16s%2Fg%2F11gf3t8638!19sChIJ9y2uAkYFDTkRFZb0KvpP80E?authuser=0&hl=en&rclk=1,2026-03-29 10:22:29
Bhutani Garments,Clothing store,"
Shop No. 387 , Main Road, 100 Feet Road, , Chhatarpur, near Sai Dham, New Delhi, Delhi 110074",+919899414648,,,4.6 stars,,https://www.google.com/maps/place/Bhutani+Garments/data=!4m7!3m6!1s0x390d1e249388bbbd:0x5178e551bdee876!8m2!3d28.498609!4d77.184825!16s%2Fg%2F12ll321t4!19sChIJvbuIkyQeDTkRdujeG1WOFwU?authuser=0&hl=en&rclk=1,2026-03-29 10:22:32
Manish Garments,Men's clothing store,"
Wz 117, Gali Number 1, Indra Park, Palam Enclave, Sadh Nagar, Palam, New Delhi, Delhi, 110045",+919873003045,,,3.8 stars,,https://www.google.com/maps/place/Manish+Garments/data=!4m7!3m6!1s0x390d1b687c627fcd:0x6fdfaae24d7be159!8m2!3d28.5854382!4d77.0902551!16s%2Fg%2F12hmy9szc!19sChIJzX9ifGgbDTkRWeF7TeKq328?authuser=0&hl=en&rclk=1,2026-03-29 10:22:36
New Style A-One Garments,Clothing store,"
A211, DDA Flats Rd, DDA Flats Kalkaji, Block L 2, Kalkaji, New Delhi, Delhi 110019",+917011928793,,,5.0 stars,,https://www.google.com/maps/place/New+Style+A-One+Garments/data=!4m7!3m6!1s0x390ce16476b53b71:0xd609401e702ba602!8m2!3d28.5291314!4d77.2559518!16s%2Fg%2F11tp9810nc!19sChIJcTu1dmThDDkRAqYrcB5ACdY?authuser=0&hl=en&rclk=1,2026-03-29 10:22:39
"Rare Rabbit, Connaught Place",Men's clothing store,"
No A, 2, Inner Cir, Block A, Connaught Place, New Delhi, Delhi 110001",+919819635162,https://stores-rarerabbit.thehouseofrare.com/rare-rabbit-connaught-place-rr-cp-new-delhi-men-s-clothes-shop-connaught-place-new-delhi-286592/Home,,4.6 stars,,"https://www.google.com/maps/place/Rare+Rabbit,+Connaught+Place/data=!4m7!3m6!1s0x390cfdee487ab115:0xd27d9242bed436e2!8m2!3d28.6326895!4d77.2180766!16s%2Fg%2F11sjjww5jx!19sChIJFbF6SO79DDkR4jbUvkKSfdI?authuser=0&hl=en&rclk=1",2026-03-29 10:22:44
Guru Apparel & Clothing Store,Women's clothing store,"
Shop 3, Ground Floor, 94 A, Humayunpur, Safdarjung Enclave, New Delhi, Delhi 110029",+918527907949,,,5.0 stars,,https://www.google.com/maps/place/Guru+Apparel+%26+Clothing+Store/data=!4m7!3m6!1s0x390d1d882fd481ad:0xe3f4968670d38f6!8m2!3d28.561371!4d77.193807!16s%2Fg%2F11rqsllf_l!19sChIJrYHUL4gdDTkR9jgNZ2hJPw4?authuser=0&hl=en&rclk=1,2026-03-29 10:22:47
Hanif Garment,Clothing store,"
Gate No 1, Railway Station, Ratan Lal Market, Kaseru Walan, Paharganj, New Delhi, Delhi, 110055",+918851038272,,,3.7 stars,,https://www.google.com/maps/place/Hanif+Garment/data=!4m7!3m6!1s0x390cfd688faeb3c1:0xe8f0df5909893d93!8m2!3d28.6421644!4d77.2185022!16s%2Fg%2F11tr_y_7bz!19sChIJwbOuj2j9DDkRkz2JCVnf8Og?authuser=0&hl=en&rclk=1,2026-03-29 10:22:50
SOUQ AN NISA Modest Apparel & Abayas,Clothing store,"
I-52, GF, Thokar 4, Sana Store Rd, Abul Fazal Enclave, Jamia Nagar, Okhla, New Delhi, Delhi 110025","+918920300492, +918287552603",https://souqannisa.com,,4.9 stars,,https://www.google.com/maps/place/SOUQ+AN+NISA+Modest+Apparel+%26+Abayas/data=!4m7!3m6!1s0x390ce555fc3037bd:0x98ea8b5f3ec9231e!8m2!3d28.5534182!4d77.2974172!16s%2Fg%2F11rcs38_yq!19sChIJvTcw_FXlDDkRHiPJPl-L6pg?authuser=0&hl=en&rclk=1,2026-03-29 10:22:56
Levi's Exclusive Store,Clothing store,"
B, Near, Mc Donald, Inner Circle, Connaught Place, New Delhi, Delhi 110001",+911145674047,https://stores.levi.in/levi-s-exclusive-store-clothing-shop-inner-circle-new-delhi-329414/Home?utm_source=locator&utm_medium=googleplaces,,4.1 stars,,https://www.google.com/maps/place/Levi%27s+Exclusive+Store/data=!4m7!3m6!1s0x390cfd37ed11a6e9:0x6185e6c86f04cafa!8m2!3d28.6340992!4d77.2188951!16s%2Fg%2F12hwh8dh0!19sChIJ6aYR7Tf9DDkR-soEb8jmhWE?authuser=0&hl=en&rclk=1,2026-03-29 10:23:01
Shiv Garments,Clothing store,"
37, Subhash Market, South Extension I, Aliganj, Kotla Mubarakpur, New Delhi, Delhi 110003",+919212154520,,,2.9 stars,,https://www.google.com/maps/place/Shiv+Garments/data=!4m7!3m6!1s0x390ce25ed0000001:0x8ef449e7e3a9909d!8m2!3d28.5756482!4d77.2245595!16s%2Fg%2F1tfm9m65!19sChIJAQAA0F7iDDkRnZCp4-dJ9I4?authuser=0&hl=en&rclk=1,2026-03-29 10:23:04
Shop and Wear Store,Women's clothing store,"
288 1st Floor, Sant Nagar, East of Kailash, New Delhi, Delhi 110065",+918076926156,,,5.0 stars,,https://www.google.com/maps/place/Shop+and+Wear+Store/data=!4m7!3m6!1s0x390ce31a6ae90995:0xb1c24f87750db165!8m2!3d28.555541!4d77.2499958!16s%2Fg%2F11td0t54w6!19sChIJlQnpahrjDDkRZbENdYdPwrE?authuser=0&hl=en&rclk=1,2026-03-29 10:23:07
Laxmi Garments,Clothing store,"
House near pole no 2 main mahipalpur road, Basement A to Z building, Mahipalpur, near choti red light, New Delhi, Delhi 110037",+918882988552,,,4.4 stars,,https://www.google.com/maps/place/Laxmi+Garments/data=!4m7!3m6!1s0x390d1c3f9dc956db:0x9c9433e6496b2af0!8m2!3d28.5451757!4d77.1281054!16s%2Fg%2F1tf5j0f4!19sChIJ21bJnT8cDTkR8CprSeYzlJw?authuser=0&hl=en&rclk=1,2026-03-29 10:23:10
Clothes by GTM,Clothing store,"
H no 59,vill po, Madangir, New Delhi, Delhi 110062",+918851450150,,,4.2 stars,,https://www.google.com/maps/place/Clothes+by+GTM/data=!4m7!3m6!1s0x390ce120f020b941:0xcec68490ce178b76!8m2!3d28.5237774!4d77.231418!16s%2Fg%2F11swj1q4dw!19sChIJQbkg8CDhDDkRdosXzpCExs4?authuser=0&hl=en&rclk=1,2026-03-29 10:23:13
Delhi Garments,Women's clothing store,"
D-220, Krishna Park Colony, Deoli Gaon Nai Basti, Khanpur, Delhi, New Delhi, Delhi 110080",+919871910420,,,5.0 stars,,https://www.google.com/maps/place/Delhi+Garments/data=!4m7!3m6!1s0x390ce1b8453c8be7:0x6772a1b3e81712a4!8m2!3d28.5069594!4d77.2339042!16s%2Fg%2F11tx60n5hr!19sChIJ54s8RbjhDDkRpBIX6LOhcmc?authuser=0&hl=en&rclk=1,2026-03-29 10:23:17
Marks and Spencer,Clothing store,"
GF Plaza cinema bldg, Block H, Connaught Place, New Delhi, Delhi 110001","+919650003401, +917032978459, +917032978466, +917042211328, +917042227046, +917042344311, +917086042678, +917303091082, +917387163650, +917428087263, +917428088518, +917428493413, +917428698397, +917428777438, +917428798670, +917428996281, +917710004922, +917755914998, +917755922935, +917995010974, +917995010979, +918130111732, +918138900538, +918283811785, +918288031380, +918448184903, +918448188962, +918448188964, +918448192962, +918448540155, +918511143250, +918511144824, +918600003122, +918600003135, +918600003156, +918600666492, +918826070073, +918861486531, +918953999708, +919109972523, +919116034931, +919205537430, +919289021672, +919289140278, +919311022665, +919311022681, +919311097933, +919311380976, +919311410565, +919311421600, +919311421601, +919311457813, +919319094678, +919319094681, +919319390049, +919319592589, +919319597384, +919319717965, +919319793021, +919560099267, +919560099269, +919560099275, +919560159555, +919566284883, +919566286804, +919599203674, +919599551391, +919599704696, +919599866081, +919650602857, +919650605683, +919650606319, +919667782842, +919667798463, +919725214599, +919731506078, +919810700827, +919818038331, +919818685346, +919821794964, +919870386632, +919871709068, +919915105191, +919971109326, +919987037626",https://www.marksandspencer.in/store,,4.2 stars,,https://www.google.com/maps/place/Marks+and+Spencer/data=!4m7!3m6!1s0x390cfd381d0236d5:0x460693cf4a97ec82!8m2!3d28.6350721!4d77.2195027!16s%2Fg%2F12hkcbt6f!19sChIJ1TYCHTj9DDkRguyXSs-TBkY?authuser=0&hl=en&rclk=1,2026-03-29 10:23:23
Asha Sales,Clothing store,"
TA-2-B, Gali No.1, Main Jagdamba Road, Tughlakabad Extn., Delhi 110019",+919811132139,,,4.6 stars,,https://www.google.com/maps/place/Asha+Sales/data=!4m7!3m6!1s0x390ce165d0f0a675:0x34a090f68e148444!8m2!3d28.526236!4d77.2572568!16s%2Fg%2F12hnz5f1h!19sChIJdabw0GXhDDkRRIQUjvaQoDQ?authuser=0&hl=en&rclk=1,2026-03-29 10:23:26
Shree garment,Clothing store,"
shop number 2/1 Tilak Nagar Mall road New Delhi 110018, New Delhi, Delhi 110059",+911140349388,http://byshree.com,,4.4 stars,,https://www.google.com/maps/place/Shree+garment/data=!4m7!3m6!1s0x390d0498fc90ae79:0xd65cd1907ef6f78d!8m2!3d28.6258956!4d77.0462582!16s%2Fg%2F11gf9cn6fc!19sChIJea6Q_JgEDTkRjff2fpDRXNY?authuser=0&hl=en&rclk=1,2026-03-29 10:23:34
Pratap Clothiers – Elegant Plus Size & Nightwear Store in Karol Bagh,Plus Size Clothing Store,"
6/18, Block, 6, Ajmal Khan Rd, Block 6, WEA, Karol Bagh, New Delhi, Delhi, 110005",,,,4.4 stars,,https://www.google.com/maps/place/Pratap+Clothiers+%E2%80%93+Elegant+Plus+Size+%26+Nightwear+Store+in+Karol+Bagh/data=!4m7!3m6!1s0x390d029f27b81a43:0x7923131dde635161!8m2!3d28.6467977!4d77.1898203!16s%2Fg%2F1tgdrj55!19sChIJQxq4J58CDTkRYVFj3h0TI3k?authuser=0&hl=en&rclk=1,2026-03-29 10:23:37
Pinki Garments,Clothing store,"
254-256, Sri Aurobindo Marg, INA Market, Aviation Colony, INA Colony, New Delhi, Delhi 110023",+919810633435,,,4.0 stars,,https://www.google.com/maps/place/Pinki+Garments/data=!4m7!3m6!1s0x390ce26245fc22a5:0xbd3cc86fd32f8a8c!8m2!3d28.5748269!4d77.2100162!16s%2Fg%2F1trxhnnk!19sChIJpSL8RWLiDDkRjIov02_IPL0?authuser=0&hl=en&rclk=1,2026-03-29 10:23:40
Amar Sons,Clothing store,"
79, Connaught Circus, near Super Bazar, Shankar Market, Connaught Lane, Barakhamba, New Delhi, Delhi 110006",+911123413721,,,4.8 stars,,https://www.google.com/maps/place/Amar+Sons/data=!4m7!3m6!1s0x390cfd30c9eaaaab:0x9a6fefb4669197a6!8m2!3d28.6338811!4d77.2241757!16s%2Fg%2F1tg_df9s!19sChIJq6rqyTD9DDkRppeRZrTvb5o?authuser=0&hl=en&rclk=1,2026-03-29 10:23:44
MAHERA GARMENTS,Men's clothing store,"
shop mo 97, main market, New Seelampur Phase II, New Seelampur, bhajanpura, New Delhi, Delhi, 110053",+918459176064,,,5.0 stars,,https://www.google.com/maps/place/MAHERA+GARMENTS/data=!4m7!3m6!1s0x390cfdbbc18a8519:0x267dc8a6e77b9bc7!8m2!3d28.6754756!4d77.2678136!16s%2Fg%2F11fd71x1sk!19sChIJGYWKwbv9DDkRx5t756bIfSY?authuser=0&hl=en&rclk=1,2026-03-29 10:23:47
Aaliya GARMENTS STORE,Clothing store,"
864, Gali Number 10, Block I, Block J 2, Devli, Sangam Vihar, New Delhi, South Delhi, Delhi 110080",+919213392555,,,,,https://www.google.com/maps/place/Aaliya+GARMENTS+STORE/data=!4m7!3m6!1s0x390ce18222a74133:0xb1b612b7d0ed1741!8m2!3d28.4945694!4d77.2477482!16s%2Fg%2F11w25j8nj6!19sChIJM0GnIoLhDDkRQRft0LcStrE?authuser=0&hl=en&rclk=1,2026-03-29 10:23:50
Delhi Cloth House,Clothing store,"
1/20B, Khan Market Walking Plaza, Khan Market, Rabindra Nagar, New Delhi, Delhi 110003",,,,4.0 stars,,https://www.google.com/maps/place/Delhi+Cloth+House/data=!4m7!3m6!1s0x390ce2e9dccf4513:0x966a965d47a5f4ad!8m2!3d28.5999172!4d77.226572!16s%2Fg%2F1tfl80tr!19sChIJE0XP3OniDDkRrfSlR12WapY?authuser=0&hl=en&rclk=1,2026-03-29 10:23:53
Satyam Garments,Men's clothing store,"
Shop No. 5, And, Gali No 1, Saidulajab, Saiyad Ul Ajaib Village, Sainik Farm, New Delhi, Delhi 110030",+919315701861,,,5.0 stars,,https://www.google.com/maps/place/Satyam+Garments/data=!4m7!3m6!1s0x390ce1d4b598754f:0x571905af213db7c!8m2!3d28.5181087!4d77.2026494!16s%2Fg%2F11k4v00cc7!19sChIJT3WYtdThDDkRfNsT8lqQcQU?authuser=0&hl=en&rclk=1,2026-03-29 10:23:56
Gujral Fashion,Clothing store,"
1566, Main Bazar Rd, Chuna Mandi, Paharganj, New Delhi, Delhi 110055",+918068096453,,,3.3 stars,,https://www.google.com/maps/place/Gujral+Fashion/data=!4m7!3m6!1s0x390cfd4159a9cb79:0x45b845120044fad6!8m2!3d28.640927!4d77.2118946!16s%2Fg%2F11cn96ty4h!19sChIJecupWUH9DDkR1vpEABJFuEU?authuser=0&hl=en&rclk=1,2026-03-29 10:24:00
J&G FASHION Sani garments,Clothing store,"
RZ 48, Gali Number 6, Tughlakabad Extension, Tughlakabad, New Delhi, Delhi 110019",+918448723078,https://www.meesho.com/ISMAWORLDSTORE,,5.0 stars,,https://www.google.com/maps/place/J%26G+FASHION+Sani+garments/data=!4m7!3m6!1s0x390ce1fd8db6957f:0x12d03f6c6bf13ef6!8m2!3d28.5244356!4d77.2590743!16s%2Fg%2F11r8dlv84k!19sChIJf5W2jf3hDDkR9j7xa2w_0BI?authuser=0&hl=en&rclk=1,2026-03-29 10:24:05
Indian Garments,Clothing store,"
J7VG+GFH, New Lahore, Sarojini Park, Geeta Colony, New Delhi, Delhi, 110031",,,,5.0 stars,,https://www.google.com/maps/place/Indian+Garments/data=!4m7!3m6!1s0x390cfdc21626596b:0xac72b64214b9212!8m2!3d28.6438187!4d77.276224!16s%2Fg%2F11kk17s11z!19sChIJa1kmFsL9DDkREpJLIWQrxwo?authuser=0&hl=en&rclk=1,2026-03-29 10:24:08
Mohanlal Sons,Men's clothing store,"
B-21, Inner Cir, Block B, Connaught Place, New Delhi, Delhi 110001",+911141513894,http://www.mohanlalsons.com,,4.2 stars,,https://www.google.com/maps/place/Mohanlal+Sons/data=!4m7!3m6!1s0x390cfd367e7d7a2f:0x701ce725ad72c2a8!8m2!3d28.6341678!4d77.21898!16s%2Fg%2F1tfwhrqz!19sChIJL3p9fjb9DDkRqMJyrSXnHHA?authuser=0&hl=en&rclk=1,2026-03-29 10:24:13
ORIGINALS SURPLUS GARMENTS STORE,Clothing store,"
651, Choori Walan Rd, near Seema Lodge, Choori Walan, Manohar Market, Chawri Bazar, Old Delhi, Delhi, 110006",+918178927859,https://chat.whatsapp.com/HTULWvlDNBXHO3ZdoGbWX8,,5.0 stars,,https://www.google.com/maps/place/ORIGINALS+SURPLUS+GARMENTS+STORE/data=!4m7!3m6!1s0x390cfdba6491fcc9:0xf30741979ef9e892!8m2!3d28.6487728!4d77.2301728!16s%2Fg%2F11p0ztnz36!19sChIJyfyRZLr9DDkRkuj5npdBB_M?authuser=0&hl=en&rclk=1,2026-03-29 10:24:19
Classic Garments,Clothing store,"
Tughlakabad Extension, Tughlakabad, New Delhi, Delhi 110019",+917011657461,,,4.3 stars,,https://www.google.com/maps/place/Classic+Garments/data=!4m7!3m6!1s0x390ce110ffb96ea5:0x144cab03be628e35!8m2!3d28.5249147!4d77.2583384!16s%2Fg%2F11p64r42ft!19sChIJpW65_xDhDDkRNY5ivgOrTBQ?authuser=0&hl=en&rclk=1,2026-03-29 10:24:23
Chanda Readymade Garments,Men's clothing store,"
Shop No 517, Khairpur Village, Gurudwara Rd, Kotla Mubarakpur, New Delhi, Delhi 110003",+918375082439,,,5.0 stars,,https://www.google.com/maps/place/Chanda+Readymade+Garments/data=!4m7!3m6!1s0x390ce259775d9cf1:0x73c1bede943ce681!8m2!3d28.5733134!4d77.2259274!16s%2Fg%2F11pzryx6xw!19sChIJ8Zxdd1niDDkRgeY8lN6-wXM?authuser=0&hl=en&rclk=1,2026-03-29 10:24:26
